run,owner_tid,interval,switch_out_ns,switch_in_ns,offcpu_us
1,6082,1,1435138600028847,1435138600048652,19.805
1,6082,2,1435138612029081,1435138612043105,14.024
1,6082,3,1435138616024745,1435138616036855,12.110
1,6082,4,1435138740011503,1435138740020058,8.555
1,6082,5,1435138756017831,1435138756028847,11.016
1,6082,6,1435138832022363,1435138832029238,6.875
1,6082,7,1435138904021503,1435138904033808,12.305
1,6082,8,1435139812050449,1435139812061972,11.523
1,6082,9,1435140084842519,1435140084863495,20.976
1,6082,10,1435140148019784,1435140148031738,11.954
1,6082,11,1435140156013730,1435140156022011,8.281
1,6082,12,1435140172017636,1435140172029081,11.445
1,6082,13,1435140192017167,1435140192024511,7.344
1,6082,14,1435140212036933,1435140212052675,15.742
1,6082,15,1435140296023183,1435140296036894,13.711
1,6082,16,1435141040026034,1435141040041308,15.274
1,6082,17,1435141124016699,1435141124029081,12.382
1,6082,18,1435141308024238,1435141308052402,28.164
1,6082,19,1435141320044589,1435141320057245,12.656
1,6082,20,1435141420021972,1435141420035878,13.906
1,6082,21,1435141428021191,1435141428034706,13.515
1,6082,22,1435142160026347,1435142160041777,15.430
1,6082,23,1435142168016738,1435142168023847,7.109
1,6082,24,1435142744022949,1435142744035917,12.968
1,6082,25,1435142752019003,1435142752028808,9.805
1,6082,26,1435142876020605,1435142876033144,12.539
1,6082,27,1435143900030058,1435143900048378,18.320
1,6082,28,1435144184025566,1435144184040800,15.234
1,6082,29,1435144192017870,1435144192026659,8.789
2,6430,1,1435150272028691,1435150272050409,21.718
2,6430,2,1435150280018886,1435150280029902,11.016
2,6430,3,1435150284022089,1435150284034745,12.656
2,6430,4,1435150316019081,1435150316031034,11.953
2,6430,5,1435150336018456,1435150336029863,11.407
2,6430,6,1435150436020917,1435150436032597,11.680
2,6430,7,1435150452024511,1435150452035722,11.211
2,6430,8,1435150812022011,1435150812043261,21.250
2,6430,9,1435151496021777,1435151496036659,14.882
2,6430,10,1435151580025683,1435151580040800,15.117
2,6430,11,1435152604030644,1435152604049706,19.062
2,6430,12,1435152620033378,1435152620055019,21.641
2,6430,13,1435152900350917,1435152900449511,98.594
2,6430,14,1435152900841699,1435152900855058,13.359
2,6430,15,1435152902693378,1435152902762480,69.102
2,6430,16,1435153112022245,1435153112039706,17.461
2,6430,17,1435153116044277,1435153116057909,13.632
2,6430,18,1435153120021699,1435153120033300,11.601
2,6430,19,1435154884039472,1435154884063183,23.711
2,6430,20,1435154892023456,1435154892035253,11.797
3,6641,1,1435161796553652,1435161796623964,70.312
3,6641,2,1435161825539472,1435161825563261,23.789
3,6641,3,1435162305027167,1435162305105449,78.282
3,6641,4,1435162309363495,1435162309397988,34.493
3,6641,5,1435162440074394,1435162440805370,730.976
3,6641,6,1435162448033144,1435162448047324,14.180
3,6641,7,1435162620026308,1435162620035488,9.180
3,6641,8,1435163280025917,1435163280042519,16.602
3,6641,9,1435163356024316,1435163356048613,24.297
3,6641,10,1435163652027519,1435163652044394,16.875
3,6641,11,1435164111226034,1435164111800331,574.297
3,6641,12,1435164124034159,1435164124052402,18.243
3,6641,13,1435164156023613,1435164156040800,17.187
3,6641,14,1435165056025995,1435165056041113,15.118
3,6641,15,1435166940030683,1435166940053027,22.344
3,6641,16,1435167248030527,1435167248050097,19.570
3,6641,17,1435167256018691,1435167256027089,8.398
3,6641,18,1435168476030058,1435168476053222,23.164
3,6641,19,1435168564022324,1435168564038105,15.781
3,6641,20,1435168572018339,1435168572039003,20.664
4,6865,1,1435173572028534,1435173572047089,18.555
4,6865,2,1435173580020097,1435173580032206,12.109
4,6865,3,1435173596022831,1435173596041386,18.555
4,6865,4,1435174620024706,1435174620038925,14.219
4,6865,5,1435174784021113,1435174784035019,13.906
4,6865,6,1435175096018652,1435175096035058,16.406
4,6865,7,1435175108026738,1435175108038808,12.070
4,6865,8,1435175900038183,1435175900054472,16.289
4,6865,9,1435175916039745,1435175916072050,32.305
4,6865,10,1435178716036464,1435178716061933,25.469
4,6865,11,1435180764038574,1435180764058574,20.000
5,7226,1,1435185280028847,1435185280050722,21.875
5,7226,2,1435186480019199,1435186480032324,13.125
5,7226,3,1435187420031620,1435187420054628,23.008
5,7226,4,1435187436042714,1435187436061113,18.399
5,7226,5,1435188808068808,1435188808099003,30.195
5,7226,6,1435188816015644,1435188816025214,9.570
5,7226,7,1435188956026034,1435188956041152,15.118
5,7226,8,1435189420028964,1435189420044081,15.117
5,7226,9,1435189428027519,1435189428042675,15.156
5,7226,10,1435189532025175,1435189532038808,13.633
5,7226,11,1435189548023222,1435189548035253,12.031
5,7226,12,1435189980026308,1435189980044628,18.320
5,7226,13,1435190748030527,1435190748052128,21.601
5,7226,14,1435191548026464,1435191548042324,15.860
5,7226,15,1435191576015644,1435191576023730,8.086
5,7226,16,1435191780026074,1435191780037714,11.640
5,7226,17,1435191804031699,1435191804047714,16.015
5,7226,18,1435192556029589,1435192556043261,13.672
5,7226,19,1435192564031230,1435192564039159,7.929
5,7226,20,1435192980025527,1435192980038222,12.695
5,7226,21,1435192988016738,1435192988025214,8.476
