"sched_slices","thread_states","raw_events"
4363,8442,9325

"name","value"
"ftrace_setup_errors",0
"traced_buf_abi_violations",0
"traced_buf_buffer_size",8388608
"traced_buf_bytes_overwritten",0
"traced_buf_bytes_read",196608
"traced_buf_bytes_written",196608
"traced_buf_chunks_committed_out_of_order",0
"traced_buf_chunks_discarded",0
"traced_buf_chunks_overwritten",0
"traced_buf_chunks_read",6
"traced_buf_chunks_relocated",0
"traced_buf_chunks_rewritten",0
"traced_buf_chunks_written",6
"traced_buf_data_loss_chunk_corrupted",0
"traced_buf_data_loss_orphan_continuation",0
"traced_buf_data_loss_overwrite",0
"traced_buf_data_loss_read_gap",0
"traced_buf_data_loss_reassembly_broken_chain",0
"traced_buf_data_loss_reassembly_gap",0
"traced_buf_data_loss_smb_full",0
"traced_buf_data_loss_writer_abort",0
"traced_buf_incremental_sequences_dropped",0
"traced_buf_padding_bytes_cleared",0
"traced_buf_padding_bytes_written",0
"traced_buf_patches_failed",0
"traced_buf_patches_succeeded",11
"traced_buf_readaheads_failed",0
"traced_buf_readaheads_succeeded",5
"traced_buf_sequence_packet_loss",0
"traced_buf_trace_writer_packet_loss",0
"traced_buf_write_wrap_count",0
